{
    "Compatibility": "Compatible",
    "Contributors": {
      "Developer": [ "Hawker" ],
      "Modeling": [ "Kuro" ]
    },
    "DefuserDifficulty": "Medium",
    "Description": "Answer challenging trivia questions",
    "ExpertDifficulty": "Medium",
    "ModuleID": "TheWeakestLink",
    "Name": "The Weakest Link",
    "Origin": "Mods",
    "Published": "2023-06-11",
    "SortKey": "WEAKESTLINK",
    "SourceUrl": "https://github.com/KTANE-MODS/Weakest-Link",
    "Souvenir": {
      "Explanation": "\"What were some of the questions asked?\" Last stage would be most appropriate.",
      "Status": "Considered"
    },
    "SteamID": "2987856391",
    "Type": "Regular"
  }